1,2011
2,2012
3,2013
4,2014
5,2015
6,2016
7,2017
8,2019
9,2008
10,2009
11,2010
12,2011
13,2012
14,1994
15,1995
16,1996
17,1997
18,1998
19,1999
20,2000
21,2001
22,2002
23,2003
24,2016
25,2017
26,2019
27,2022
28,2004
29,2005
30,2006
31,2007
32,2008
33,2009
34,2010
35,2012
36,2016
37,2017
38,2019
39,2020
40,2022
41,2011
42,2013
43,2016
44,2017
45,2019
46,2023
47,2015
48,2016
49,2017
50,2013
51,2014
52,2016
53,2017
54,2019
55,2022
56,2019
57,2020
58,2023
